Image,Matching_Time,Stream_Time,Recon_Time
PTI2.png,0.068231,0.103215,0.18004
PTI2.png,0.067171,0.091675,0.161694
PTI1 cp.jpg,527.960368,0.142253,
PTI1 cp.jpg,532.547549,0.022925,
PTI1.jpg,0.019252,0.025467,
Big mars map 2.png,2.18694,4.169645,
